"id","name","email","email_verified_at","password","role","remember_token","created_at","updated_at"
"1","admin","admin@gmail.com",NULL,"$2y$10$Htd7g.ftuGfdlwk5zTbSk.DePcyti.U4zY58c4xtI4YuauoXffzrW","admin",NULL,NULL,NULL
"2","Dr. Markus Schneider I","dayton.lehner@example.com","2023-10-14 15:28:37","$2y$10$92IXUNpkjO0rOQ5byMi.Ye4oKoEa3Ro9llC/.og/at2.uheWG/igi",,"GVntG8PcWF","2023-10-14 15:28:37","2023-10-14 15:28:37"
"3","Madisen Ankunding Sr.","judson54@example.org","2023-10-14 15:28:37","$2y$10$92IXUNpkjO0rOQ5byMi.Ye4oKoEa3Ro9llC/.og/at2.uheWG/igi",,"0hReTG7xdG","2023-10-14 15:28:37","2023-10-14 15:28:37"
"4","Elisabeth Schmidt DDS","eloise.dickens@example.org","2023-10-14 15:28:37","$2y$10$92IXUNpkjO0rOQ5byMi.Ye4oKoEa3Ro9llC/.og/at2.uheWG/igi",,"RdDeeUGdHq","2023-10-14 15:28:37","2023-10-14 15:28:37"
"5","Pearlie Luettgen PhD","idooley@example.com","2023-10-14 15:28:37","$2y$10$92IXUNpkjO0rOQ5byMi.Ye4oKoEa3Ro9llC/.og/at2.uheWG/igi",,"IWU57aLnxq","2023-10-14 15:28:37","2023-10-14 15:28:37"
"6","Dr. Vince Wiza MD","schowalter.lavina@example.com","2023-10-14 15:28:37","$2y$10$92IXUNpkjO0rOQ5byMi.Ye4oKoEa3Ro9llC/.og/at2.uheWG/igi",,"c2VBC5OWJ6","2023-10-14 15:28:37","2023-10-14 15:28:37"
"7","Marquise Halvorson","lesch.eleanore@example.org","2023-10-14 15:28:37","$2y$10$92IXUNpkjO0rOQ5byMi.Ye4oKoEa3Ro9llC/.og/at2.uheWG/igi",,"VyRM7veIzg","2023-10-14 15:28:37","2023-10-14 15:28:37"
"8","Prof. Hollis Little","veronica.simonis@example.com","2023-10-14 15:28:37","$2y$10$92IXUNpkjO0rOQ5byMi.Ye4oKoEa3Ro9llC/.og/at2.uheWG/igi",,"FtXKxhMHtX","2023-10-14 15:28:37","2023-10-14 15:28:37"
"9","Darien Fisher","laury.hilpert@example.org","2023-10-14 15:28:37","$2y$10$92IXUNpkjO0rOQ5byMi.Ye4oKoEa3Ro9llC/.og/at2.uheWG/igi",,"PkrxHiR3zi","2023-10-14 15:28:37","2023-10-14 15:28:37"
"10","Sylvester Jenkins","quinn.pollich@example.org","2023-10-14 15:28:37","$2y$10$92IXUNpkjO0rOQ5byMi.Ye4oKoEa3Ro9llC/.og/at2.uheWG/igi",,"sW8Sk6eRho","2023-10-14 15:28:37","2023-10-14 15:28:37"
"11","Alessandro Kunze","abernathy.luz@example.net","2023-10-14 15:28:37","$2y$10$92IXUNpkjO0rOQ5byMi.Ye4oKoEa3Ro9llC/.og/at2.uheWG/igi",,"cX5TeDxIZe","2023-10-14 15:28:37","2023-10-14 15:28:37"
"12","Talon DuBuque","gerhold.kallie@example.net","2023-10-14 15:28:37","$2y$10$92IXUNpkjO0rOQ5byMi.Ye4oKoEa3Ro9llC/.og/at2.uheWG/igi",,"OsSsIfc1iU","2023-10-14 15:28:37","2023-10-14 15:28:37"
"13","Shania Stamm","pgrady@example.org","2023-10-14 15:28:37","$2y$10$92IXUNpkjO0rOQ5byMi.Ye4oKoEa3Ro9llC/.og/at2.uheWG/igi",,"cmtzmkgBUL","2023-10-14 15:28:37","2023-10-14 15:28:37"
"14","Mrs. Carissa Russel I","ykoelpin@example.net","2023-10-14 15:28:37","$2y$10$92IXUNpkjO0rOQ5byMi.Ye4oKoEa3Ro9llC/.og/at2.uheWG/igi",,"soytQUrf4d","2023-10-14 15:28:37","2023-10-14 15:28:37"
"15","Boris Gutkowski","flavie.mohr@example.org","2023-10-14 15:28:37","$2y$10$92IXUNpkjO0rOQ5byMi.Ye4oKoEa3Ro9llC/.og/at2.uheWG/igi",,"xWZ67yoh2o","2023-10-14 15:28:37","2023-10-14 15:28:37"
"16","Jennings Nolan","oscar.weber@example.org","2023-10-14 15:28:37","$2y$10$92IXUNpkjO0rOQ5byMi.Ye4oKoEa3Ro9llC/.og/at2.uheWG/igi",,"3n6yFyhEPP","2023-10-14 15:28:37","2023-10-14 15:28:37"
"17","Ayden Carter","noemy.bahringer@example.org","2023-10-14 15:28:37","$2y$10$92IXUNpkjO0rOQ5byMi.Ye4oKoEa3Ro9llC/.og/at2.uheWG/igi",,"j5tGUGXgR5","2023-10-14 15:28:37","2023-10-14 15:28:37"
"18","Amy Strosin","adrain67@example.com","2023-10-14 15:28:37","$2y$10$92IXUNpkjO0rOQ5byMi.Ye4oKoEa3Ro9llC/.og/at2.uheWG/igi",,"oxcfN1TULA","2023-10-14 15:28:37","2023-10-14 15:28:37"
"19","Forest Wehner","oleta98@example.org","2023-10-14 15:28:37","$2y$10$92IXUNpkjO0rOQ5byMi.Ye4oKoEa3Ro9llC/.og/at2.uheWG/igi",,"juUUKchCHl","2023-10-14 15:28:37","2023-10-14 15:28:37"
"20","Brandt Kassulke","isteuber@example.net","2023-10-14 15:28:37","$2y$10$92IXUNpkjO0rOQ5byMi.Ye4oKoEa3Ro9llC/.og/at2.uheWG/igi",,"uaaL2zoLA0","2023-10-14 15:28:37","2023-10-14 15:28:37"
"21","Ellis Hahn","wolff.favian@example.org","2023-10-14 15:28:37","$2y$10$92IXUNpkjO0rOQ5byMi.Ye4oKoEa3Ro9llC/.og/at2.uheWG/igi",,"l9iWHUSxBa","2023-10-14 15:28:37","2023-10-14 15:28:37"
"22","Pearlie Graham","hamill.bernadine@example.org","2023-10-14 15:28:37","$2y$10$92IXUNpkjO0rOQ5byMi.Ye4oKoEa3Ro9llC/.og/at2.uheWG/igi",,"yskgPdIbyh","2023-10-14 15:28:37","2023-10-14 15:28:37"
"23","Candida Champlin","gay.willms@example.com","2023-10-14 15:28:37","$2y$10$92IXUNpkjO0rOQ5byMi.Ye4oKoEa3Ro9llC/.og/at2.uheWG/igi",,"0OoIL6QIUI","2023-10-14 15:28:37","2023-10-14 15:28:37"
"24","Percy Greenholt","dooley.gaston@example.net","2023-10-14 15:28:37","$2y$10$92IXUNpkjO0rOQ5byMi.Ye4oKoEa3Ro9llC/.og/at2.uheWG/igi",,"1MBRXWidyJ","2023-10-14 15:28:37","2023-10-14 15:28:37"
"25","Myrtice Weimann","okuneva.abagail@example.net","2023-10-14 15:28:37","$2y$10$92IXUNpkjO0rOQ5byMi.Ye4oKoEa3Ro9llC/.og/at2.uheWG/igi",,"t4iFft3kGk","2023-10-14 15:28:37","2023-10-14 15:28:37"
"26","Mose Stanton","buckridge.cayla@example.net","2023-10-14 15:28:37","$2y$10$92IXUNpkjO0rOQ5byMi.Ye4oKoEa3Ro9llC/.og/at2.uheWG/igi",,"3SHwNKjsUO","2023-10-14 15:28:37","2023-10-14 15:28:37"
"27","Eileen Wisoky IV","koelpin.philip@example.org","2023-10-14 15:28:37","$2y$10$92IXUNpkjO0rOQ5byMi.Ye4oKoEa3Ro9llC/.og/at2.uheWG/igi",,"jwDuAXShgs","2023-10-14 15:28:37","2023-10-14 15:28:37"
"28","Dr. Otilia Shields","romaguera.emil@example.com","2023-10-14 15:28:37","$2y$10$92IXUNpkjO0rOQ5byMi.Ye4oKoEa3Ro9llC/.og/at2.uheWG/igi",,"XbAAcHJF5r","2023-10-14 15:28:37","2023-10-14 15:28:37"
"29","Miss Melyna Little","fboehm@example.org","2023-10-14 15:28:37","$2y$10$92IXUNpkjO0rOQ5byMi.Ye4oKoEa3Ro9llC/.og/at2.uheWG/igi",,"9V6WIBhIC4","2023-10-14 15:28:37","2023-10-14 15:28:37"
"30","Chanelle Mitchell","willow60@example.net","2023-10-14 15:28:37","$2y$10$92IXUNpkjO0rOQ5byMi.Ye4oKoEa3Ro9llC/.og/at2.uheWG/igi",,"GhpCRDhtop","2023-10-14 15:28:37","2023-10-14 15:28:37"
"31","Dr. Adan Toy","maria46@example.net","2023-10-14 15:28:37","$2y$10$92IXUNpkjO0rOQ5byMi.Ye4oKoEa3Ro9llC/.og/at2.uheWG/igi",,"dKklgxJL8o","2023-10-14 15:28:37","2023-10-14 15:28:37"
"32","Myrl McKenzie","hglover@example.org","2023-10-14 15:28:37","$2y$10$92IXUNpkjO0rOQ5byMi.Ye4oKoEa3Ro9llC/.og/at2.uheWG/igi",,"mCzo0NcZ9o","2023-10-14 15:28:37","2023-10-14 15:28:37"
"33","Dedrick Cronin","fpadberg@example.net","2023-10-14 15:28:37","$2y$10$92IXUNpkjO0rOQ5byMi.Ye4oKoEa3Ro9llC/.og/at2.uheWG/igi",,"wLbL86NkGn","2023-10-14 15:28:37","2023-10-14 15:28:37"
"34","Zachariah Feest","callie93@example.com","2023-10-14 15:28:37","$2y$10$92IXUNpkjO0rOQ5byMi.Ye4oKoEa3Ro9llC/.og/at2.uheWG/igi",,"1asb6ZFEJu","2023-10-14 15:28:37","2023-10-14 15:28:37"
"35","Sunny Renner DVM","porter00@example.org","2023-10-14 15:28:37","$2y$10$92IXUNpkjO0rOQ5byMi.Ye4oKoEa3Ro9llC/.og/at2.uheWG/igi",,"D9uM0FAgpo","2023-10-14 15:28:37","2023-10-14 15:28:37"
"36","Mrs. Reyna Effertz","dare.luisa@example.com","2023-10-14 15:28:37","$2y$10$92IXUNpkjO0rOQ5byMi.Ye4oKoEa3Ro9llC/.og/at2.uheWG/igi",,"72f5Y7L4L6","2023-10-14 15:28:37","2023-10-14 15:28:37"
"37","Julius Schumm Sr.","vincent.wisoky@example.org","2023-10-14 15:28:37","$2y$10$92IXUNpkjO0rOQ5byMi.Ye4oKoEa3Ro9llC/.og/at2.uheWG/igi",,"VwsMiimsYK","2023-10-14 15:28:37","2023-10-14 15:28:37"
"38","Brando Bashirian","xkuhic@example.org","2023-10-14 15:28:37","$2y$10$92IXUNpkjO0rOQ5byMi.Ye4oKoEa3Ro9llC/.og/at2.uheWG/igi",,"QJRtcs8h4x","2023-10-14 15:28:37","2023-10-14 15:28:37"
"39","Lauriane Wilkinson","ktromp@example.org","2023-10-14 15:28:37","$2y$10$92IXUNpkjO0rOQ5byMi.Ye4oKoEa3Ro9llC/.og/at2.uheWG/igi",,"1Y0GzVYxn1","2023-10-14 15:28:37","2023-10-14 15:28:37"
"40","Prof. Lillian Abshire","keenan.okeefe@example.org","2023-10-14 15:28:37","$2y$10$92IXUNpkjO0rOQ5byMi.Ye4oKoEa3Ro9llC/.og/at2.uheWG/igi",,"tNiRcklNhs","2023-10-14 15:28:37","2023-10-14 15:28:37"
"41","Efrain Gibson","myrtice.wolf@example.com","2023-10-14 15:28:37","$2y$10$92IXUNpkjO0rOQ5byMi.Ye4oKoEa3Ro9llC/.og/at2.uheWG/igi",,"6BJdEAqMRH","2023-10-14 15:28:37","2023-10-14 15:28:37"
"42","Eldora Gleichner","michelle.considine@example.org","2023-10-14 15:28:37","$2y$10$92IXUNpkjO0rOQ5byMi.Ye4oKoEa3Ro9llC/.og/at2.uheWG/igi",,"tmGkbtdfVS","2023-10-14 15:28:37","2023-10-14 15:28:37"
"43","Harmony Ankunding","dayne.towne@example.org","2023-10-14 15:28:37","$2y$10$92IXUNpkjO0rOQ5byMi.Ye4oKoEa3Ro9llC/.og/at2.uheWG/igi",,"nBxPBDS2UG","2023-10-14 15:28:37","2023-10-14 15:28:37"
"44","Miss Bettie Sauer II","tom.cronin@example.net","2023-10-14 15:28:37","$2y$10$92IXUNpkjO0rOQ5byMi.Ye4oKoEa3Ro9llC/.og/at2.uheWG/igi",,"HwQrviFusc","2023-10-14 15:28:37","2023-10-14 15:28:37"
"45","Lambert Schamberger","aveum@example.net","2023-10-14 15:28:37","$2y$10$92IXUNpkjO0rOQ5byMi.Ye4oKoEa3Ro9llC/.og/at2.uheWG/igi",,"6soAesEMyC","2023-10-14 15:28:37","2023-10-14 15:28:37"
"46","Cora Rice","awhite@example.org","2023-10-14 15:28:37","$2y$10$92IXUNpkjO0rOQ5byMi.Ye4oKoEa3Ro9llC/.og/at2.uheWG/igi",,"5iyAV7vl3o","2023-10-14 15:28:37","2023-10-14 15:28:37"
"47","Zechariah Davis","fcremin@example.org","2023-10-14 15:28:37","$2y$10$92IXUNpkjO0rOQ5byMi.Ye4oKoEa3Ro9llC/.og/at2.uheWG/igi",,"i7SoBVwgve","2023-10-14 15:28:37","2023-10-14 15:28:37"
"48","Abigail Carroll V","emueller@example.com","2023-10-14 15:28:37","$2y$10$92IXUNpkjO0rOQ5byMi.Ye4oKoEa3Ro9llC/.og/at2.uheWG/igi",,"eFGGTqOXYr","2023-10-14 15:28:37","2023-10-14 15:28:37"
"49","Mr. Micah Hagenes DVM","marlene.blanda@example.org","2023-10-14 15:28:37","$2y$10$92IXUNpkjO0rOQ5byMi.Ye4oKoEa3Ro9llC/.og/at2.uheWG/igi",,"Ebg1SuhzlP","2023-10-14 15:28:37","2023-10-14 15:28:37"
"50","Prof. Krystel Rippin PhD","brakus.dandre@example.com","2023-10-14 15:28:37","$2y$10$92IXUNpkjO0rOQ5byMi.Ye4oKoEa3Ro9llC/.og/at2.uheWG/igi",,"ENLZcEwuok","2023-10-14 15:28:37","2023-10-14 15:28:37"
"51","Sydney Goldner","loren00@example.net","2023-10-14 15:28:37","$2y$10$92IXUNpkjO0rOQ5byMi.Ye4oKoEa3Ro9llC/.og/at2.uheWG/igi",,"RDX6rk98lm","2023-10-14 15:28:37","2023-10-14 15:28:37"
"52","Clinton Ullrich","don69@example.org","2023-10-14 15:28:37","$2y$10$92IXUNpkjO0rOQ5byMi.Ye4oKoEa3Ro9llC/.og/at2.uheWG/igi",,"vsrlYROjFW","2023-10-14 15:28:37","2023-10-14 15:28:37"
"53","Prof. Keon Zieme DVM","dwalsh@example.com","2023-10-14 15:28:37","$2y$10$92IXUNpkjO0rOQ5byMi.Ye4oKoEa3Ro9llC/.og/at2.uheWG/igi",,"l8uPsohdBq","2023-10-14 15:28:37","2023-10-14 15:28:37"
"54","Casimer Tillman","theron.okeefe@example.com","2023-10-14 15:28:37","$2y$10$92IXUNpkjO0rOQ5byMi.Ye4oKoEa3Ro9llC/.og/at2.uheWG/igi",,"CZDzmfoD4s","2023-10-14 15:28:37","2023-10-14 15:28:37"
"55","Theresa O'Keefe","bettie92@example.com","2023-10-14 15:28:37","$2y$10$92IXUNpkjO0rOQ5byMi.Ye4oKoEa3Ro9llC/.og/at2.uheWG/igi",,"k0HNyvcmW8","2023-10-14 15:28:37","2023-10-14 15:28:37"
"56","Silas VonRueden MD","rita00@example.com","2023-10-14 15:28:37","$2y$10$92IXUNpkjO0rOQ5byMi.Ye4oKoEa3Ro9llC/.og/at2.uheWG/igi",,"8QLO9ZUYmx","2023-10-14 15:28:37","2023-10-14 15:28:37"
"57","Sabina Rau","margarita.kuhn@example.com","2023-10-14 15:28:37","$2y$10$92IXUNpkjO0rOQ5byMi.Ye4oKoEa3Ro9llC/.og/at2.uheWG/igi",,"jsT9SnSmSC","2023-10-14 15:28:37","2023-10-14 15:28:37"
"58","Dr. Presley Gibson","beier.misael@example.org","2023-10-14 15:28:37","$2y$10$92IXUNpkjO0rOQ5byMi.Ye4oKoEa3Ro9llC/.og/at2.uheWG/igi",,"1uqUDUC41v","2023-10-14 15:28:37","2023-10-14 15:28:37"
"59","Ruben Schneider II","ahmad23@example.net","2023-10-14 15:28:37","$2y$10$92IXUNpkjO0rOQ5byMi.Ye4oKoEa3Ro9llC/.og/at2.uheWG/igi",,"dqSo95HrWH","2023-10-14 15:28:37","2023-10-14 15:28:37"
"60","Loraine Donnelly","madelyn.effertz@example.net","2023-10-14 15:28:37","$2y$10$92IXUNpkjO0rOQ5byMi.Ye4oKoEa3Ro9llC/.og/at2.uheWG/igi",,"UjuPWKMR1R","2023-10-14 15:28:37","2023-10-14 15:28:37"
"61","Dangelo Halvorson","jast.sherman@example.org","2023-10-14 15:28:37","$2y$10$92IXUNpkjO0rOQ5byMi.Ye4oKoEa3Ro9llC/.og/at2.uheWG/igi",,"tkeidWUBoX","2023-10-14 15:28:37","2023-10-14 15:28:37"
"62","Sophia Boyle Sr.","sonya.dibbert@example.com","2023-10-14 15:28:37","$2y$10$92IXUNpkjO0rOQ5byMi.Ye4oKoEa3Ro9llC/.og/at2.uheWG/igi",,"hIps5kwZQK","2023-10-14 15:28:37","2023-10-14 15:28:37"
"63","Georgiana Koss","yhoppe@example.net","2023-10-14 15:28:37","$2y$10$92IXUNpkjO0rOQ5byMi.Ye4oKoEa3Ro9llC/.og/at2.uheWG/igi",,"ML5Cc7WuSz","2023-10-14 15:28:37","2023-10-14 15:28:37"
"64","Dr. Obie Kuphal","kelly.fay@example.net","2023-10-14 15:28:37","$2y$10$92IXUNpkjO0rOQ5byMi.Ye4oKoEa3Ro9llC/.og/at2.uheWG/igi",,"VEEA58i1rP","2023-10-14 15:28:37","2023-10-14 15:28:37"
"65","Micah Dach I","kihn.julien@example.com","2023-10-14 15:28:37","$2y$10$92IXUNpkjO0rOQ5byMi.Ye4oKoEa3Ro9llC/.og/at2.uheWG/igi",,"T0QxpmW3L5","2023-10-14 15:28:37","2023-10-14 15:28:37"
"66","Miss Alicia Franecki","whahn@example.com","2023-10-14 15:28:37","$2y$10$92IXUNpkjO0rOQ5byMi.Ye4oKoEa3Ro9llC/.og/at2.uheWG/igi",,"RrwsPQC7kN","2023-10-14 15:28:37","2023-10-14 15:28:37"
"67","Mrs. Alta O'Hara V","gusikowski.bonita@example.org","2023-10-14 15:28:37","$2y$10$92IXUNpkjO0rOQ5byMi.Ye4oKoEa3Ro9llC/.og/at2.uheWG/igi",,"7V5uci1egn","2023-10-14 15:28:37","2023-10-14 15:28:37"
"68","Haley Frami","jmante@example.net","2023-10-14 15:28:37","$2y$10$92IXUNpkjO0rOQ5byMi.Ye4oKoEa3Ro9llC/.og/at2.uheWG/igi",,"tofEOhjaFi","2023-10-14 15:28:37","2023-10-14 15:28:37"
"69","Jett Schuster","keagan.muller@example.com","2023-10-14 15:28:37","$2y$10$92IXUNpkjO0rOQ5byMi.Ye4oKoEa3Ro9llC/.og/at2.uheWG/igi",,"YmEm7WYlex","2023-10-14 15:28:37","2023-10-14 15:28:37"
"70","Clementina Schumm DDS","hbotsford@example.org","2023-10-14 15:28:37","$2y$10$92IXUNpkjO0rOQ5byMi.Ye4oKoEa3Ro9llC/.og/at2.uheWG/igi",,"mITd9AxQCB","2023-10-14 15:28:37","2023-10-14 15:28:37"
"71","Mrs. Nichole Bergstrom","anabel.buckridge@example.com","2023-10-14 15:28:37","$2y$10$92IXUNpkjO0rOQ5byMi.Ye4oKoEa3Ro9llC/.og/at2.uheWG/igi",,"XOp80XhZlx","2023-10-14 15:28:37","2023-10-14 15:28:37"
"72","Chesley O'Connell","upton.krystal@example.org","2023-10-14 15:28:37","$2y$10$92IXUNpkjO0rOQ5byMi.Ye4oKoEa3Ro9llC/.og/at2.uheWG/igi",,"lBAk4YaMUT","2023-10-14 15:28:37","2023-10-14 15:28:37"
"73","Lavinia Bins","nhand@example.org","2023-10-14 15:28:37","$2y$10$92IXUNpkjO0rOQ5byMi.Ye4oKoEa3Ro9llC/.og/at2.uheWG/igi",,"cEQm3YJnn5","2023-10-14 15:28:37","2023-10-14 15:28:37"
"74","Jacey Daugherty","ashly81@example.net","2023-10-14 15:28:37","$2y$10$92IXUNpkjO0rOQ5byMi.Ye4oKoEa3Ro9llC/.og/at2.uheWG/igi",,"jdfVBUB9Vb","2023-10-14 15:28:37","2023-10-14 15:28:37"
"75","Mr. Arlo Moore","hlarson@example.org","2023-10-14 15:28:37","$2y$10$92IXUNpkjO0rOQ5byMi.Ye4oKoEa3Ro9llC/.og/at2.uheWG/igi",,"1HsMLgXYfR","2023-10-14 15:28:37","2023-10-14 15:28:37"
"76","Linnea Russel","tkautzer@example.com","2023-10-14 15:28:37","$2y$10$92IXUNpkjO0rOQ5byMi.Ye4oKoEa3Ro9llC/.og/at2.uheWG/igi",,"8LJHlBn8Ut","2023-10-14 15:28:37","2023-10-14 15:28:37"
"77","Hailee Hammes I","jadon03@example.com","2023-10-14 15:28:37","$2y$10$92IXUNpkjO0rOQ5byMi.Ye4oKoEa3Ro9llC/.og/at2.uheWG/igi",,"hw06K7AOg1","2023-10-14 15:28:37","2023-10-14 15:28:37"
"78","Dora Medhurst","eheathcote@example.org","2023-10-14 15:28:37","$2y$10$92IXUNpkjO0rOQ5byMi.Ye4oKoEa3Ro9llC/.og/at2.uheWG/igi",,"jTdYAQ51vd","2023-10-14 15:28:37","2023-10-14 15:28:37"
"79","Virgil Hickle","kassulke.eula@example.com","2023-10-14 15:28:37","$2y$10$92IXUNpkjO0rOQ5byMi.Ye4oKoEa3Ro9llC/.og/at2.uheWG/igi",,"CM9224hoQC","2023-10-14 15:28:37","2023-10-14 15:28:37"
"80","Candelario Corkery","eichmann.kasandra@example.net","2023-10-14 15:28:37","$2y$10$92IXUNpkjO0rOQ5byMi.Ye4oKoEa3Ro9llC/.og/at2.uheWG/igi",,"3X0CKV6w9R","2023-10-14 15:28:37","2023-10-14 15:28:37"
"81","Jett Prosacco DVM","adah21@example.org","2023-10-14 15:28:37","$2y$10$92IXUNpkjO0rOQ5byMi.Ye4oKoEa3Ro9llC/.og/at2.uheWG/igi",,"zvlbFuQUNR","2023-10-14 15:28:37","2023-10-14 15:28:37"
"82","Monique Hackett","jacques.kulas@example.com","2023-10-14 15:28:37","$2y$10$92IXUNpkjO0rOQ5byMi.Ye4oKoEa3Ro9llC/.og/at2.uheWG/igi",,"bxBVwuIUaC","2023-10-14 15:28:37","2023-10-14 15:28:37"
"83","Kayleigh Baumbach","lauryn20@example.org","2023-10-14 15:28:37","$2y$10$92IXUNpkjO0rOQ5byMi.Ye4oKoEa3Ro9llC/.og/at2.uheWG/igi",,"e5UWODoZW6","2023-10-14 15:28:37","2023-10-14 15:28:37"
"84","Chadd Wuckert","ndaniel@example.com","2023-10-14 15:28:37","$2y$10$92IXUNpkjO0rOQ5byMi.Ye4oKoEa3Ro9llC/.og/at2.uheWG/igi",,"70u0jybBrm","2023-10-14 15:28:37","2023-10-14 15:28:37"
"85","Rolando Wehner","idella15@example.net","2023-10-14 15:28:37","$2y$10$92IXUNpkjO0rOQ5byMi.Ye4oKoEa3Ro9llC/.og/at2.uheWG/igi",,"NEnHA3j8sF","2023-10-14 15:28:37","2023-10-14 15:28:37"
"86","Mikel Bergnaum","jamel94@example.org","2023-10-14 15:28:37","$2y$10$92IXUNpkjO0rOQ5byMi.Ye4oKoEa3Ro9llC/.og/at2.uheWG/igi",,"IgrbIh22NG","2023-10-14 15:28:37","2023-10-14 15:28:37"
"87","Edythe Goyette","jacobs.letha@example.org","2023-10-14 15:28:37","$2y$10$92IXUNpkjO0rOQ5byMi.Ye4oKoEa3Ro9llC/.og/at2.uheWG/igi",,"SrD6E8yMdH","2023-10-14 15:28:37","2023-10-14 15:28:37"
"88","Miss Joanie Funk","schneider.eugene@example.org","2023-10-14 15:28:37","$2y$10$92IXUNpkjO0rOQ5byMi.Ye4oKoEa3Ro9llC/.og/at2.uheWG/igi",,"Rc7bDaac7z","2023-10-14 15:28:37","2023-10-14 15:28:37"
"89","Mrs. Juliana Sauer","stoltenberg.rickey@example.com","2023-10-14 15:28:37","$2y$10$92IXUNpkjO0rOQ5byMi.Ye4oKoEa3Ro9llC/.og/at2.uheWG/igi",,"1HF7Pp7IDM","2023-10-14 15:28:37","2023-10-14 15:28:37"
"90","Rebekah Mraz","dmills@example.com","2023-10-14 15:28:37","$2y$10$92IXUNpkjO0rOQ5byMi.Ye4oKoEa3Ro9llC/.og/at2.uheWG/igi",,"OQUE2Qdx3b","2023-10-14 15:28:37","2023-10-14 15:28:37"
"91","Romaine Braun","lehner.josephine@example.com","2023-10-14 15:28:37","$2y$10$92IXUNpkjO0rOQ5byMi.Ye4oKoEa3Ro9llC/.og/at2.uheWG/igi",,"yqXuKq9uIe","2023-10-14 15:28:37","2023-10-14 15:28:37"
"92","Mr. Casey Strosin","gloria.kuhic@example.org","2023-10-14 15:28:37","$2y$10$92IXUNpkjO0rOQ5byMi.Ye4oKoEa3Ro9llC/.og/at2.uheWG/igi",,"nw8nY7mS9B","2023-10-14 15:28:37","2023-10-14 15:28:37"
"93","Therese Emard","reyes76@example.org","2023-10-14 15:28:37","$2y$10$92IXUNpkjO0rOQ5byMi.Ye4oKoEa3Ro9llC/.og/at2.uheWG/igi",,"IRp27LOjt5","2023-10-14 15:28:37","2023-10-14 15:28:37"
"94","Skylar Veum","nash.kessler@example.com","2023-10-14 15:28:37","$2y$10$92IXUNpkjO0rOQ5byMi.Ye4oKoEa3Ro9llC/.og/at2.uheWG/igi",,"Xv5feDkDvu","2023-10-14 15:28:37","2023-10-14 15:28:37"
"95","Kaitlyn Senger","tpfeffer@example.com","2023-10-14 15:28:37","$2y$10$92IXUNpkjO0rOQ5byMi.Ye4oKoEa3Ro9llC/.og/at2.uheWG/igi",,"4703b0H3ar","2023-10-14 15:28:37","2023-10-14 15:28:37"
"96","Mr. Antwon Wolf III","wschroeder@example.net","2023-10-14 15:28:37","$2y$10$92IXUNpkjO0rOQ5byMi.Ye4oKoEa3Ro9llC/.og/at2.uheWG/igi",,"h4i9rGtcpF","2023-10-14 15:28:37","2023-10-14 15:28:37"
"97","Ronaldo Morissette","kelsie.auer@example.net","2023-10-14 15:28:37","$2y$10$92IXUNpkjO0rOQ5byMi.Ye4oKoEa3Ro9llC/.og/at2.uheWG/igi",,"TY65bw9Gmi","2023-10-14 15:28:37","2023-10-14 15:28:37"
"98","Travon Pollich","kkeebler@example.org","2023-10-14 15:28:37","$2y$10$92IXUNpkjO0rOQ5byMi.Ye4oKoEa3Ro9llC/.og/at2.uheWG/igi",,"lXqESpc51E","2023-10-14 15:28:37","2023-10-14 15:28:37"
"99","Ara Lesch","spencer76@example.net","2023-10-14 15:28:37","$2y$10$92IXUNpkjO0rOQ5byMi.Ye4oKoEa3Ro9llC/.og/at2.uheWG/igi",,"lAOpEOpKIJ","2023-10-14 15:28:37","2023-10-14 15:28:37"
"100","Dolores Considine PhD","morn@example.net","2023-10-14 15:28:37","$2y$10$92IXUNpkjO0rOQ5byMi.Ye4oKoEa3Ro9llC/.og/at2.uheWG/igi",,"RwFm3m9ElC","2023-10-14 15:28:37","2023-10-14 15:28:37"
"101","Eloise Rodriguez","krajcik.osbaldo@example.com","2023-10-14 15:28:37","$2y$10$92IXUNpkjO0rOQ5byMi.Ye4oKoEa3Ro9llC/.og/at2.uheWG/igi",,"ULyntJ6Jrh","2023-10-14 15:28:37","2023-10-14 15:28:37"
"102","Sarai Weissnat","samanta.mccullough@example.net","2023-10-14 15:28:37","$2y$10$92IXUNpkjO0rOQ5byMi.Ye4oKoEa3Ro9llC/.og/at2.uheWG/igi",,"UxijrkQMOx","2023-10-14 15:28:37","2023-10-14 15:28:37"
"103","Isaias Cartwright","audrey.funk@example.com","2023-10-14 15:28:37","$2y$10$92IXUNpkjO0rOQ5byMi.Ye4oKoEa3Ro9llC/.og/at2.uheWG/igi",,"yCrs9z9cZk","2023-10-14 15:28:37","2023-10-14 15:28:37"
"104","Aleen King DDS","yfeeney@example.com","2023-10-14 15:28:37","$2y$10$92IXUNpkjO0rOQ5byMi.Ye4oKoEa3Ro9llC/.og/at2.uheWG/igi",,"lXjB2quhHY","2023-10-14 15:28:37","2023-10-14 15:28:37"
"105","Prof. Fern Langworth","matteo21@example.net","2023-10-14 15:28:37","$2y$10$92IXUNpkjO0rOQ5byMi.Ye4oKoEa3Ro9llC/.og/at2.uheWG/igi",,"aMS5L20yH2","2023-10-14 15:28:37","2023-10-14 15:28:37"
"106","Mr. Collin Schultz","margie.marks@example.com","2023-10-14 15:28:37","$2y$10$92IXUNpkjO0rOQ5byMi.Ye4oKoEa3Ro9llC/.og/at2.uheWG/igi",,"pkeNKqTSyC","2023-10-14 15:28:37","2023-10-14 15:28:37"
"107","Kailyn Parker","lindgren.melyssa@example.net","2023-10-14 15:28:37","$2y$10$92IXUNpkjO0rOQ5byMi.Ye4oKoEa3Ro9llC/.og/at2.uheWG/igi",,"ukn74UB0Hi","2023-10-14 15:28:37","2023-10-14 15:28:37"
"108","Mrs. Delphia Casper DVM","ecrist@example.net","2023-10-14 15:28:37","$2y$10$92IXUNpkjO0rOQ5byMi.Ye4oKoEa3Ro9llC/.og/at2.uheWG/igi",,"Dp0oBckWNg","2023-10-14 15:28:37","2023-10-14 15:28:37"
"109","Dr. Xander Gaylord DVM","hershel96@example.org","2023-10-14 15:28:37","$2y$10$92IXUNpkjO0rOQ5byMi.Ye4oKoEa3Ro9llC/.og/at2.uheWG/igi",,"qe0cXtk16a","2023-10-14 15:28:37","2023-10-14 15:28:37"
"110","Ressie Rowe PhD","marvin.peyton@example.net","2023-10-14 15:28:37","$2y$10$92IXUNpkjO0rOQ5byMi.Ye4oKoEa3Ro9llC/.og/at2.uheWG/igi",,"g489tL1GUM","2023-10-14 15:28:37","2023-10-14 15:28:37"
"111","Emelie Denesik DDS","lyda.bednar@example.net","2023-10-14 15:28:37","$2y$10$92IXUNpkjO0rOQ5byMi.Ye4oKoEa3Ro9llC/.og/at2.uheWG/igi",,"ucgjAi2e5s","2023-10-14 15:28:37","2023-10-14 15:28:37"
"112","Vincenzo Champlin","hermina.kohler@example.net","2023-10-14 15:28:37","$2y$10$92IXUNpkjO0rOQ5byMi.Ye4oKoEa3Ro9llC/.og/at2.uheWG/igi",,"sjmPR2D9NS","2023-10-14 15:28:37","2023-10-14 15:28:37"
"113","Julianne Dicki","collier.kelli@example.com","2023-10-14 15:28:37","$2y$10$92IXUNpkjO0rOQ5byMi.Ye4oKoEa3Ro9llC/.og/at2.uheWG/igi",,"OpEic1xOVr","2023-10-14 15:28:37","2023-10-14 15:28:37"
"114","Prof. Cecilia Raynor DDS","sydnee.johnson@example.net","2023-10-14 15:28:37","$2y$10$92IXUNpkjO0rOQ5byMi.Ye4oKoEa3Ro9llC/.og/at2.uheWG/igi",,"jTqUaaMnRx","2023-10-14 15:28:37","2023-10-14 15:28:37"
"115","Oliver Durgan","damien.botsford@example.org","2023-10-14 15:28:37","$2y$10$92IXUNpkjO0rOQ5byMi.Ye4oKoEa3Ro9llC/.og/at2.uheWG/igi",,"TzVqp3S3Cu","2023-10-14 15:28:37","2023-10-14 15:28:37"
"116","Mireille Bechtelar","dbalistreri@example.com","2023-10-14 15:28:37","$2y$10$92IXUNpkjO0rOQ5byMi.Ye4oKoEa3Ro9llC/.og/at2.uheWG/igi",,"npTJ4Do5Iq","2023-10-14 15:28:37","2023-10-14 15:28:37"
"117","Larue Lakin","maurice.smitham@example.net","2023-10-14 15:28:37","$2y$10$92IXUNpkjO0rOQ5byMi.Ye4oKoEa3Ro9llC/.og/at2.uheWG/igi",,"HFJSdLmVa8","2023-10-14 15:28:37","2023-10-14 15:28:37"
"118","Mabelle Altenwerth Sr.","maria64@example.com","2023-10-14 15:28:37","$2y$10$92IXUNpkjO0rOQ5byMi.Ye4oKoEa3Ro9llC/.og/at2.uheWG/igi",,"dUCPARxRMd","2023-10-14 15:28:37","2023-10-14 15:28:37"
"119","Kaleigh Hane","tdubuque@example.net","2023-10-14 15:28:37","$2y$10$92IXUNpkjO0rOQ5byMi.Ye4oKoEa3Ro9llC/.og/at2.uheWG/igi",,"pIcRFEv6bD","2023-10-14 15:28:37","2023-10-14 15:28:37"
